{"schemaVersion":"1.0","appDefinitionTemplate":{"id":"/providers/Microsoft.PowerApps/apps/","type":"Microsoft.PowerApps/apps","tags":{"primaryDeviceWidth":"1366","primaryDeviceHeight":"768","supportsPortrait":"true","supportsLandscape":"true","primaryFormFactor":"Tablet","showStatusBar":"false","publisherVersion":"3.24021.12","minimumRequiredApiVersion":"2.2.0","hasComponent":"true","hasUnlockedComponent":"true","isUnifiedRootApp":"false","offlineLargeFilesSupport":"false","sienaVersion":"20240223T183045Z-3.24021.12.0"},"properties":{"appVersion":"2024-02-23T18:30:45Z","lifeCycleId":"Published","createdByClientVersion":{"major":3,"minor":24021,"build":12,"revision":0,"majorRevision":0,"minorRevision":0},"minClientVersion":{"major":3,"minor":24021,"build":12,"revision":0,"majorRevision":0,"minorRevision":0},"backgroundColor":"RGBA(0,176,240,1)","backgroundImageUri":"/13378172523893942041/N9ca14358-3723-4793-91a4-cd16bcc0efd9-logoSmallFile","displayName":"Nicer UI UX Designs","description":"Your Power Apps deserve Nicer user interfaces","commitMessage":"Save app with description provided in publish dialog.","appUris":{"documentUri":{"value":"/13378172523893942041/N119a68b9-221a-4a7d-96f7-33d1ac1c1869-document.msapp"},"imageUris":[],"additionalUris":[{"isSolutionAware":false,"value":"/13378172523893942041/N106e3b61-6761-4196-8c9b-b9be27247ee4-identity.json"}]},"createdTime":"0001-01-01T00:00:00Z","lastModifiedTime":"0001-01-01T00:00:00Z","sharedGroupsCount":0,"sharedUsersCount":0,"connectionReferences":{"e68d1990-9100-4d1f-8f5a-20e8102f4d3b":{"id":"927cb9a0-1874-4789-bebf-89724d7c4374","displayName":"Office 365 Users","iconUri":"https://connectoricons-prod.azureedge.net/releases/v1.0.1672/1.0.1672.3545/office365users/icon.png","dataSources":["Office365Users"],"dependencies":[],"dependents":[],"parameterHints":{},"parameterHintsV2":{},"isOnPremiseConnection":false,"bypassConsent":false,"dataSets":{},"apiTier":"Standard","isCustomApiConnection":false,"actions":["UserPhotoMetadata","UserPhoto_V2","UserProfile_V2"]}},"databaseReferences":{},"almMode":"Solution","performanceOptimizationEnabled":true,"canConsumeAppPass":true,"enableModernRuntimeMode":false,"executionRestrictions":{"isTeamsOnly":false,"dataLossPreventionEvaluationResult":{"status":"Compliant","lastEvaluationDate":"2024-02-23T07:12:14.3634992Z","violations":[],"violationsByPolicy":[],"violationErrorMessage":"The app uses the following connectors: shared_office365users, shared_logicflows, shared_commondataservice."},"httpActionRestriction":{"appUsesSharepointHttpAction":false,"enforcementStrategy":"Legacy","evaluationTime":"2024-02-23T07:12:14.3633707Z"}}},"appType":"ClassicCanvasApp","appComponents":[]}}